<?xml version="1.0" encoding="UTF-8"?>
<classpath>
	<classpathentry kind="src" path="src"/>
	<classpathentry kind="con" path="org.eclipse.jdt.launching.JRE_CONTAINER/org.eclipse.jdt.internal.debug.ui.launcher.StandardVMType/jdk-12.0.2">
		<attributes>
			<attribute name="module" value="true"/>
		</attributes>
	</classpathentry>
	<classpathentry kind="con" path="org.testng.TESTNG_CONTAINER"/>
	<classpathentry kind="lib" path="C:/Users/mohan/Documents/Selenium/CUCUMBER_V1.2.5_working-20200304T134237Z-001/CUCUMBER_V1.2.5_working/cucumber-core-1.2.5.jar"/>
	<classpathentry kind="lib" path="C:/Users/mohan/Documents/Selenium/CUCUMBER_V1.2.5_working-20200304T134237Z-001/CUCUMBER_V1.2.5_working/cucumber-java-1.2.5.jar"/>
	<classpathentry kind="lib" path="C:/Users/mohan/Documents/Selenium/CUCUMBER_V1.2.5_working-20200304T134237Z-001/CUCUMBER_V1.2.5_working/cucumber-jvm-deps-1.0.5.jar"/>
	<classpathentry kind="lib" path="C:/Users/mohan/Documents/Selenium/CUCUMBER_V1.2.5_working-20200304T134237Z-001/CUCUMBER_V1.2.5_working/cucumber-testng-1.2.5.jar"/>
	<classpathentry kind="lib" path="C:/Users/mohan/Documents/Selenium/CUCUMBER_V1.2.5_working-20200304T134237Z-001/CUCUMBER_V1.2.5_working/gherkin-2.12.2.jar"/>
	<classpathentry kind="lib" path="C:/Users/mohan/Documents/Selenium/CUCUMBER_V1.2.5_working-20200304T134237Z-001/CUCUMBER_V1.2.5_working/selenium-server-standalone-3.141.59.jar"/>
	<classpathentry kind="lib" path="C:/Users/mohan/Documents/Selenium/CUCUMBER_V1.2.5_working-20200304T134237Z-001/CUCUMBER_V1.2.5_working/testng-6.10.jar"/>
	<classpathentry kind="lib" path="C:/Users/mohan/Documents/Selenium/selenium-java-3.141.59/client-combined-3.141.59.jar"/>
	<classpathentry kind="lib" path="C:/Users/mohan/Documents/Selenium/selenium-java-3.141.59/client-combined-3.141.59-sources.jar"/>
	<classpathentry kind="lib" path="C:/Users/mohan/Documents/Selenium/selenium-java-3.141.59/libs/byte-buddy-1.8.15.jar"/>
	<classpathentry kind="lib" path="C:/Users/mohan/Documents/Selenium/selenium-java-3.141.59/libs/commons-exec-1.3.jar"/>
	<classpathentry kind="lib" path="C:/Users/mohan/Documents/Selenium/selenium-java-3.141.59/libs/guava-25.0-jre.jar"/>
	<classpathentry kind="lib" path="C:/Users/mohan/Documents/Selenium/selenium-java-3.141.59/libs/okhttp-3.11.0.jar"/>
	<classpathentry kind="lib" path="C:/Users/mohan/Documents/Selenium/selenium-java-3.141.59/libs/okio-1.14.0.jar"/>
	<classpathentry kind="lib" path="C:/Users/mohan/Documents/Selenium/poi-bin-4.1.1-20191023/poi-4.1.1/poi-4.1.1.jar"/>
	<classpathentry kind="lib" path="C:/Users/mohan/Documents/Selenium/poi-bin-4.1.1-20191023/poi-4.1.1/poi-examples-4.1.1.jar"/>
	<classpathentry kind="lib" path="C:/Users/mohan/Documents/Selenium/poi-bin-4.1.1-20191023/poi-4.1.1/poi-excelant-4.1.1.jar"/>
	<classpathentry kind="lib" path="C:/Users/mohan/Documents/Selenium/poi-bin-4.1.1-20191023/poi-4.1.1/poi-ooxml-4.1.1.jar"/>
	<classpathentry kind="lib" path="C:/Users/mohan/Documents/Selenium/poi-bin-4.1.1-20191023/poi-4.1.1/poi-ooxml-schemas-4.1.1.jar"/>
	<classpathentry kind="lib" path="C:/Users/mohan/Documents/Selenium/poi-bin-4.1.1-20191023/poi-4.1.1/poi-scratchpad-4.1.1.jar"/>
	<classpathentry kind="lib" path="C:/Users/mohan/Documents/Selenium/poi-bin-4.1.1-20191023/poi-4.1.1/ooxml-lib/curvesapi-1.06.jar"/>
	<classpathentry kind="lib" path="C:/Users/mohan/Documents/Selenium/poi-bin-4.1.1-20191023/poi-4.1.1/ooxml-lib/xmlbeans-3.1.0.jar"/>
	<classpathentry kind="lib" path="C:/Users/mohan/Documents/Selenium/poi-bin-4.1.1-20191023/poi-4.1.1/lib/activation-1.1.1.jar"/>
	<classpathentry kind="lib" path="C:/Users/mohan/Documents/Selenium/poi-bin-4.1.1-20191023/poi-4.1.1/lib/commons-codec-1.13.jar"/>
	<classpathentry kind="lib" path="C:/Users/mohan/Documents/Selenium/poi-bin-4.1.1-20191023/poi-4.1.1/lib/commons-collections4-4.4.jar"/>
	<classpathentry kind="lib" path="C:/Users/mohan/Documents/Selenium/poi-bin-4.1.1-20191023/poi-4.1.1/lib/commons-compress-1.19.jar"/>
	<classpathentry kind="lib" path="C:/Users/mohan/Documents/Selenium/poi-bin-4.1.1-20191023/poi-4.1.1/lib/commons-logging-1.2.jar"/>
	<classpathentry kind="lib" path="C:/Users/mohan/Documents/Selenium/poi-bin-4.1.1-20191023/poi-4.1.1/lib/commons-math3-3.6.1.jar"/>
	<classpathentry kind="lib" path="C:/Users/mohan/Documents/Selenium/poi-bin-4.1.1-20191023/poi-4.1.1/lib/jaxb-api-2.3.1.jar"/>
	<classpathentry kind="lib" path="C:/Users/mohan/Documents/Selenium/poi-bin-4.1.1-20191023/poi-4.1.1/lib/jaxb-core-2.3.0.1.jar"/>
	<classpathentry kind="lib" path="C:/Users/mohan/Documents/Selenium/poi-bin-4.1.1-20191023/poi-4.1.1/lib/jaxb-impl-2.3.2.jar"/>
	<classpathentry kind="lib" path="C:/Users/mohan/Documents/Selenium/poi-bin-4.1.1-20191023/poi-4.1.1/lib/junit-4.12.jar"/>
	<classpathentry kind="lib" path="C:/Users/mohan/Documents/Selenium/poi-bin-4.1.1-20191023/poi-4.1.1/lib/log4j-1.2.17.jar"/>
	<classpathentry kind="output" path="bin"/>
</classpath>
